{
  "lpips": 0.00015525152804912067,
  "multi_seed": {
    "mean": 99.29166666666667,
    "std": 0.15590239111558088,
    "all": [
      99.5,
      99.25,
      99.125
    ]
  }
}