{
  "detection": {
    "accuracy": 99.25,
    "confusion": [
      [
        399.0,
        0.0,
        1.0
      ],
      [
        0.0,
        0.0,
        0.0
      ],
      [
        5.0,
        0.0,
        395.0
      ]
    ],
    "samples": 800
  },
  "localization": {
    "active": {
      "IoU": 0.013779283024545723,
      "F1": 0.02708150923660775
    },
    "passive": {
      "IoU": 0.003356512535683578,
      "F1": 0.006681172973476351
    }
  },
  "robustness": {
    "\u65e0\u653b\u51fb (Clean)": 99.0,
    "JPEG q=70": 82.5,
    "JPEG q=50": 79.75,
    "JPEG q=30": 77.0,
    "\u9ad8\u65af\u566a\u58f0 \u03c3=0.01": 99.0,
    "\u9ad8\u65af\u566a\u58f0 \u03c3=0.05": 88.5
  },
  "ablation": {
    "w/o SPN (P0)": 50.0,
    "SPN no finetune": 50.625,
    "Full P3": 99.5
  },
  "image_quality": {
    "psnr": 48.85947309274154,
    "ssim": 0.9909640550613403
  }
}