{
  "model": "DuetGuard P3 (watermark + SPN)",
  "detection": {
    "accuracy": 99.5,
    "confusion": [
      [
        399.0,
        0.0,
        1.0
      ],
      [
        0.0,
        0.0,
        0.0
      ],
      [
        3.0,
        0.0,
        397.0
      ]
    ]
  },
  "robustness": {
    "无攻击 (Clean)": 99.5,
    "JPEG q=70": 95.25,
    "JPEG q=50": 90.5,
    "JPEG q=30": 85.0,
    "高斯噪声 σ=0.01": 99.25,
    "高斯噪声 σ=0.05": 96.25,
    "高斯模糊 5x5": 58.25
  },
  "image_quality": {
    "psnr": 48.42339374241974,
    "ssim": 0.9909765124320984
  },
  "ablation_wo_spn": 50.0,
  "ablation_spn_no_finetune": 50.5
}