{
  "AIGC": {
    "accuracy": 50.0,
    "samples": 400,
    "confusion": [
      [
        200.0,
        0.0
      ],
      [
        200.0,
        0.0
      ]
    ]
  },
  "Columbia": {
    "accuracy": 50.56910569105691,
    "samples": 1845,
    "confusion": [
      [
        933.0,
        0.0
      ],
      [
        912.0,
        0.0
      ]
    ]
  },
  "CASIAv2": {
    "accuracy": 78.0338911693506,
    "samples": 9501,
    "confusion": [
      [
        7403.0,
        34.0
      ],
      [
        2053.0,
        11.0
      ]
    ]
  }
}